{
    "class_report": {
        "Angioectasia": {
            "precision": 0.7777777777777778,
            "recall": 0.43661971830985913,
            "f1-score": 0.5592783505154639,
            "support": 497.0
        },
        "Bleeding": {
            "precision": 0.7569444444444444,
            "recall": 0.6072423398328691,
            "f1-score": 0.6738794435857806,
            "support": 359.0
        },
        "Erosion": {
            "precision": 0.43502432244614314,
            "recall": 0.541991341991342,
            "f1-score": 0.4826522744795682,
            "support": 1155.0
        },
        "Erythema": {
            "precision": 0.4744525547445255,
            "recall": 0.21885521885521886,
            "f1-score": 0.2995391705069124,
            "support": 297.0
        },
        "Foreign Body": {
            "precision": 0.8204081632653061,
            "recall": 0.5911764705882353,
            "f1-score": 0.6871794871794872,
            "support": 340.0
        },
        "Lymphangiectasia": {
            "precision": 0.8648648648648649,
            "recall": 0.37317784256559766,
            "f1-score": 0.5213849287169042,
            "support": 343.0
        },
        "Normal": {
            "precision": 0.919934513136353,
            "recall": 0.9603646130056157,
            "f1-score": 0.9397149000557458,
            "support": 12287.0
        },
        "Polyp": {
            "precision": 0.36302895322939865,
            "recall": 0.326,
            "f1-score": 0.34351949420442573,
            "support": 500.0
        },
        "Ulcer": {
            "precision": 0.9242424242424242,
            "recall": 0.8531468531468531,
            "f1-score": 0.8872727272727273,
            "support": 286.0
        },
        "Worms": {
            "precision": 0.9642857142857143,
            "recall": 0.7941176470588235,
            "f1-score": 0.8709677419354839,
            "support": 68.0
        },
        "accuracy": 0.850235556657575,
        "macro avg": {
            "precision": 0.7300963732436953,
            "recall": 0.5702692045354414,
            "f1-score": 0.6265388518452499,
            "support": 16132.0
        },
        "weighted avg": {
            "precision": 0.8487420120183619,
            "recall": 0.850235556657575,
            "f1-score": 0.8436529356463943,
            "support": 16132.0
        }
    },
    "auc_roc_scores": {
        "Angioectasia": 0.939023781319191,
        "Bleeding": 0.9705242748485785,
        "Erosion": 0.9243763091863512,
        "Erythema": 0.9266230348958482,
        "Foreign Body": 0.9496566578759164,
        "Lymphangiectasia": 0.9344857022095503,
        "Normal": 0.9587297219523145,
        "Polyp": 0.9416927456499488,
        "Ulcer": 0.982317789493102,
        "Worms": 0.9969011820365596
    },
    "specificity_scores": {
        "Angioectasia": 0.9960345378957467,
        "Bleeding": 0.9955620363913016,
        "Erosion": 0.945716765707418,
        "Erythema": 0.9954531101989265,
        "Foreign Body": 0.9972137791286727,
        "Lymphangiectasia": 0.9987332953321933,
        "Normal": 0.7328998699609883,
        "Polyp": 0.9817041965199591,
        "Ulcer": 0.9987378518238041,
        "Worms": 0.9998754980079682
    },
    "average_precision_scores": {
        "Angioectasia": 0.6037305532525153,
        "Bleeding": 0.7342990554374638,
        "Erosion": 0.45852918636505685,
        "Erythema": 0.3291746053679816,
        "Foreign Body": 0.7023157907735175,
        "Lymphangiectasia": 0.5503847806558283,
        "Normal": 0.984969776249083,
        "Polyp": 0.29469940335830247,
        "Ulcer": 0.9297657909640584,
        "Worms": 0.956869157678935
    },
    "sensitivity_scores": {
        "Angioectasia": 0.43661971830985913,
        "Bleeding": 0.6072423398328691,
        "Erosion": 0.541991341991342,
        "Erythema": 0.21885521885521886,
        "Foreign Body": 0.5911764705882353,
        "Lymphangiectasia": 0.37317784256559766,
        "Normal": 0.9603646130056157,
        "Polyp": 0.326,
        "Ulcer": 0.8531468531468531,
        "Worms": 0.7941176470588235
    },
    "f1_scores": {
        "Angioectasia": 0.5592783505154639,
        "Bleeding": 0.6738794435857806,
        "Erosion": 0.4826522744795682,
        "Erythema": 0.2995391705069124,
        "Foreign Body": 0.6871794871794872,
        "Lymphangiectasia": 0.5213849287169042,
        "Normal": 0.9397149000557458,
        "Polyp": 0.34351949420442573,
        "Ulcer": 0.8872727272727273,
        "Worms": 0.8709677419354839
    },
    "mean_auc": 0.952433119946736,
    "mean_specificity": 0.964193094096698,
    "mean_average_precision": 0.6544738100102743,
    "mean_sensitivity": 0.5702692045354414,
    "mean_f1_score": 0.6265388518452499,
    "balanced_accuracy": 0.5702692045354414
}
