{
    "class_report": {
        "Angioectasia": {
            "precision": 0.8645833333333334,
            "recall": 0.8350100603621731,
            "f1-score": 0.849539406345957,
            "support": 497.0
        },
        "Bleeding": {
            "precision": 0.8830409356725146,
            "recall": 0.841225626740947,
            "f1-score": 0.8616262482168331,
            "support": 359.0
        },
        "Erosion": {
            "precision": 0.7877786952931461,
            "recall": 0.825974025974026,
            "f1-score": 0.8064243448858833,
            "support": 1155.0
        },
        "Erythema": {
            "precision": 0.6758620689655173,
            "recall": 0.6599326599326599,
            "f1-score": 0.6678023850085179,
            "support": 297.0
        },
        "Foreign Body": {
            "precision": 0.8830409356725146,
            "recall": 0.888235294117647,
            "f1-score": 0.8856304985337243,
            "support": 340.0
        },
        "Lymphangiectasia": {
            "precision": 0.9151515151515152,
            "recall": 0.880466472303207,
            "f1-score": 0.8974739970282318,
            "support": 343.0
        },
        "Normal": {
            "precision": 0.9822657705077334,
            "recall": 0.9872222674371287,
            "f1-score": 0.984737782107485,
            "support": 12287.0
        },
        "Polyp": {
            "precision": 0.8212669683257918,
            "recall": 0.726,
            "f1-score": 0.7707006369426752,
            "support": 500.0
        },
        "Ulcer": {
            "precision": 0.9784172661870504,
            "recall": 0.951048951048951,
            "f1-score": 0.9645390070921985,
            "support": 286.0
        },
        "Worms": {
            "precision": 1.0,
            "recall": 1.0,
            "f1-score": 1.0,
            "support": 68.0
        },
        "accuracy": 0.9486734440862882,
        "macro avg": {
            "precision": 0.8791407489109115,
            "recall": 0.8595115357916739,
            "f1-score": 0.8688474306161507,
            "support": 16132.0
        },
        "weighted avg": {
            "precision": 0.9483645098230832,
            "recall": 0.9486734440862882,
            "f1-score": 0.9483592789791119,
            "support": 16132.0
        }
    },
    "auc_roc_scores": {
        "Angioectasia": 0.9900107392033687,
        "Bleeding": 0.9948968716506663,
        "Erosion": 0.9868270164324114,
        "Erythema": 0.9873175497741332,
        "Foreign Body": 0.9955160654687407,
        "Lymphangiectasia": 0.9931059690780033,
        "Normal": 0.9964168415495757,
        "Polyp": 0.9885674897645855,
        "Ulcer": 0.9997908187987703,
        "Worms": 1.0
    },
    "specificity_scores": {
        "Angioectasia": 0.9958426606971538,
        "Bleeding": 0.9974640207950295,
        "Erosion": 0.9828403552113241,
        "Erythema": 0.9940637827597095,
        "Foreign Body": 0.997467071935157,
        "Lymphangiectasia": 0.9982266134650706,
        "Normal": 0.9430429128738621,
        "Polyp": 0.994946264073695,
        "Ulcer": 0.9996213555471413,
        "Worms": 1.0
    },
    "average_precision_scores": {
        "Angioectasia": 0.90563822067767,
        "Bleeding": 0.9299010601639522,
        "Erosion": 0.876255982774814,
        "Erythema": 0.7290461465576493,
        "Foreign Body": 0.9497206627807632,
        "Lymphangiectasia": 0.9359510748863795,
        "Normal": 0.9989055820589365,
        "Polyp": 0.8302213163628442,
        "Ulcer": 0.9914717492874001,
        "Worms": 0.9999999999999998
    },
    "sensitivity_scores": {
        "Angioectasia": 0.8350100603621731,
        "Bleeding": 0.841225626740947,
        "Erosion": 0.825974025974026,
        "Erythema": 0.6599326599326599,
        "Foreign Body": 0.888235294117647,
        "Lymphangiectasia": 0.880466472303207,
        "Normal": 0.9872222674371287,
        "Polyp": 0.726,
        "Ulcer": 0.951048951048951,
        "Worms": 1.0
    },
    "f1_scores": {
        "Angioectasia": 0.849539406345957,
        "Bleeding": 0.8616262482168331,
        "Erosion": 0.8064243448858833,
        "Erythema": 0.6678023850085179,
        "Foreign Body": 0.8856304985337243,
        "Lymphangiectasia": 0.8974739970282318,
        "Normal": 0.984737782107485,
        "Polyp": 0.7707006369426752,
        "Ulcer": 0.9645390070921985,
        "Worms": 1.0
    },
    "mean_auc": 0.9932449361720256,
    "mean_specificity": 0.9903515037358142,
    "mean_average_precision": 0.914711179555041,
    "mean_sensitivity": 0.8595115357916739,
    "mean_f1_score": 0.8688474306161507,
    "balanced_accuracy": 0.8595115357916739
}