{
    "class_report": {
        "Angioectasia": {
            "precision": 0.8511111111111112,
            "recall": 0.7706237424547284,
            "f1-score": 0.808870116156283,
            "support": 497.0
        },
        "Bleeding": {
            "precision": 0.8902439024390244,
            "recall": 0.8133704735376045,
            "f1-score": 0.8500727802037845,
            "support": 359.0
        },
        "Erosion": {
            "precision": 0.7333887043189369,
            "recall": 0.7645021645021645,
            "f1-score": 0.7486222975837219,
            "support": 1155.0
        },
        "Erythema": {
            "precision": 0.6683673469387755,
            "recall": 0.44107744107744107,
            "f1-score": 0.5314401622718052,
            "support": 297.0
        },
        "Foreign Body": {
            "precision": 0.8776758409785933,
            "recall": 0.8441176470588235,
            "f1-score": 0.8605697151424287,
            "support": 340.0
        },
        "Lymphangiectasia": {
            "precision": 0.8935483870967742,
            "recall": 0.8075801749271136,
            "f1-score": 0.8483920367534457,
            "support": 343.0
        },
        "Normal": {
            "precision": 0.9657588788023571,
            "recall": 0.9870594937739073,
            "f1-score": 0.976293016703562,
            "support": 12287.0
        },
        "Polyp": {
            "precision": 0.7227722772277227,
            "recall": 0.584,
            "f1-score": 0.6460176991150443,
            "support": 500.0
        },
        "Ulcer": {
            "precision": 0.9787234042553191,
            "recall": 0.965034965034965,
            "f1-score": 0.971830985915493,
            "support": 286.0
        },
        "Worms": {
            "precision": 0.9178082191780822,
            "recall": 0.9852941176470589,
            "f1-score": 0.950354609929078,
            "support": 68.0
        },
        "accuracy": 0.9308207289858667,
        "macro avg": {
            "precision": 0.8499398072346697,
            "recall": 0.7962660220013806,
            "f1-score": 0.8192463419774647,
            "support": 16132.0
        },
        "weighted avg": {
            "precision": 0.9275388703454928,
            "recall": 0.9308207289858667,
            "f1-score": 0.9282520549667004,
            "support": 16132.0
        }
    },
    "auc_roc_scores": {
        "Angioectasia": 0.9846097370922046,
        "Bleeding": 0.9948679092140637,
        "Erosion": 0.9788886682523593,
        "Erythema": 0.980191452468055,
        "Foreign Body": 0.9940516233088981,
        "Lymphangiectasia": 0.9910728711560083,
        "Normal": 0.9937997310318676,
        "Polyp": 0.9831782881269192,
        "Ulcer": 0.9998605458658469,
        "Worms": 0.9999780290602297
    },
    "specificity_scores": {
        "Angioectasia": 0.9957147425647586,
        "Bleeding": 0.9977176187155266,
        "Erosion": 0.9785671362756226,
        "Erythema": 0.9958951689295864,
        "Foreign Body": 0.997467071935157,
        "Lymphangiectasia": 0.9979099372981189,
        "Normal": 0.8881664499349805,
        "Polyp": 0.9928352098259979,
        "Ulcer": 0.9996213555471413,
        "Worms": 0.9996264940239044
    },
    "average_precision_scores": {
        "Angioectasia": 0.8571988371426569,
        "Bleeding": 0.9123862330515359,
        "Erosion": 0.8066376667660256,
        "Erythema": 0.6010758118705589,
        "Foreign Body": 0.9174711347472861,
        "Lymphangiectasia": 0.894658460937199,
        "Normal": 0.9980721475822584,
        "Polyp": 0.7164740608979546,
        "Ulcer": 0.9865078860977745,
        "Worms": 0.994905379372778
    },
    "sensitivity_scores": {
        "Angioectasia": 0.7706237424547284,
        "Bleeding": 0.8133704735376045,
        "Erosion": 0.7645021645021645,
        "Erythema": 0.44107744107744107,
        "Foreign Body": 0.8441176470588235,
        "Lymphangiectasia": 0.8075801749271136,
        "Normal": 0.9870594937739073,
        "Polyp": 0.584,
        "Ulcer": 0.965034965034965,
        "Worms": 0.9852941176470589
    },
    "f1_scores": {
        "Angioectasia": 0.808870116156283,
        "Bleeding": 0.8500727802037845,
        "Erosion": 0.7486222975837219,
        "Erythema": 0.5314401622718052,
        "Foreign Body": 0.8605697151424287,
        "Lymphangiectasia": 0.8483920367534457,
        "Normal": 0.976293016703562,
        "Polyp": 0.6460176991150443,
        "Ulcer": 0.971830985915493,
        "Worms": 0.950354609929078
    },
    "mean_auc": 0.9900498855576453,
    "mean_specificity": 0.9843521185050793,
    "mean_average_precision": 0.8685387618466027,
    "mean_sensitivity": 0.7962660220013806,
    "mean_f1_score": 0.8192463419774647,
    "balanced_accuracy": 0.7962660220013806
}